Workbook

Sheet Summary
A1: Metric | B1: Value
A2: Cases found | B2: =COUNTA(Cases!A2:A2000)
A3: Dismissed | B3: =COUNTIF(Cases!K2:K2000,"Dismissed")
A4: Filed (incl. later states) | B4: =COUNTIF(Cases!L2:L2000,">0")
A5: Removed | B5: =COUNTIF(Cases!P2:P2000,"Removed")
A6: Removal rate (removed ÷ filed) | B6: =IFERROR(B5/B4,"")
A7: Median days to removal | B7: =IFERROR(MEDIAN(Cases!Q2:Q2000),"")
A8: Open follow-ups due | B8: =COUNTIFS(Cases!K2:K2000,"Filed",Cases!R2:R2000,"<="&TODAY())

Sheet Talent
A1: Talent ID | B1: Name | C1: Stage names / aliases | D1: Handles (IG, TikTok, X, OF…) | E1: Residence state | F1: Agency authorization signed? | G1: Talent authorization signed? | H1: Who owns the photos? (talent / photographer / agency) | I1: Photographer license on file? | J1: Reference photos folder | K1: Priority | L1: Notes
A2: T-001 | B2: (example) Jane Doe | C2: JD, janedoe_official | D2: @janedoe (IG), @jdoe (TikTok) | E2: NY | F2: Yes | G2: Yes | H2: Mixed | I2: No | J2: Drive/VisionGuard/T-001 | K2: High | L2: Delete this example row

Sheet Cases
A1: Case ID | B1: Talent ID | C1: Found date | D1: URL | E1: Platform / site | F1: Violation type | G1: Claim type | H1: Offender (account / seller / domain) | I1: Evidence captured? | J1: Evidence folder | K1: Status | L1: Filed date | M1: Filed via (form / email / portal) | N1: Reference / ticket # | O1: Response date | P1: Outcome | Q1: Days to removal | R1: Re-check date | S1: Notes
A2: VG-0001 | Q2: =IF(AND(L2<>"",O2<>"",P2="Removed"),O2-L2,"") | R2: =IF(L2<>"",L2+3,"")
Q3: =IF(AND(L3<>"",O3<>"",P3="Removed"),O3-L3,"") | R3: =IF(L3<>"",L3+3,"")
Q4: =IF(AND(L4<>"",O4<>"",P4="Removed"),O4-L4,"") | R4: =IF(L4<>"",L4+3,"")
Q5: =IF(AND(L5<>"",O5<>"",P5="Removed"),O5-L5,"") | R5: =IF(L5<>"",L5+3,"")
Q6: =IF(AND(L6<>"",O6<>"",P6="Removed"),O6-L6,"") | R6: =IF(L6<>"",L6+3,"")
Q7: =IF(AND(L7<>"",O7<>"",P7="Removed"),O7-L7,"") | R7: =IF(L7<>"",L7+3,"")
Q8: =IF(AND(L8<>"",O8<>"",P8="Removed"),O8-L8,"") | R8: =IF(L8<>"",L8+3,"")
Q9: =IF(AND(L9<>"",O9<>"",P9="Removed"),O9-L9,"") | R9: =IF(L9<>"",L9+3,"")
Q10: =IF(AND(L10<>"",O10<>"",P10="Removed"),O10-L10,"") | R10: =IF(L10<>"",L10+3,"")
Q11: =IF(AND(L11<>"",O11<>"",P11="Removed"),O11-L11,"") | R11: =IF(L11<>"",L11+3,"")
Q12: =IF(AND(L12<>"",O12<>"",P12="Removed"),O12-L12,"") | R12: =IF(L12<>"",L12+3,"")
Q13: =IF(AND(L13<>"",O13<>"",P13="Removed"),O13-L13,"") | R13: =IF(L13<>"",L13+3,"")
Q14: =IF(AND(L14<>"",O14<>"",P14="Removed"),O14-L14,"") | R14: =IF(L14<>"",L14+3,"")
... Q2000: =IF(AND(L2000<>"",O2000<>"",P2000="Removed"),O2000-L2000,"") | R2000: =IF(L2000<>"",L2000+3,"")

Sheet Filing log
A1: Date | B1: Case ID | C1: Platform | D1: Channel (exact form / email) | E1: Claim type | F1: Approved by | G1: Submitted by | H1: Confirmation / ticket # | I1: Screenshot of submission saved? | J1: Notes
